Resource Name,Resource Type,Source,Topics Covered,More Info,,,,,
Parts of a cell,Interactive Simulation,Arizona State University,Organelles,"<a href=""../resource/Partsofacell_ArizonaStateUniversity.html"">Learn More</a>",,,,,
What is a cell?,Game,Centre of the Cell,Cell types,"<a href=""../resource/Whatisacell_Centreofthecell.html"">Learn More</a>",,,,,
The 5 senses,Game,ABCya,Sensory systems ,"<a href=""../resource/Thefivesenses_ABCya.html"">Learn More</a>",,,,,
Skeletal system,Game,ABCya,Skeleton organization,"<a href=""../resource/Skeletalsystem_ABCya.html"">Learn More</a>",,,,,
The 5 senses,Full Lesson,Generation Genius,Sensory systems ,"<a href=""../resource/Thefivesenses_GenerationGenius.html"">Learn More</a>",,,,,
External Animal Parts,Full Lesson ,Generation Genius,Anatomy,"<a href=""../resource/Externalanimalparts_GenerationGenius.html"">Learn More</a>",,,,,
Body Parts and Their Functions,Game,IXL,Anatomy,"<a href=""../resource/Bodypartsandtheirfunctions_IXL.html"">Learn More</a>",,,,,
Animal Body Parts ,Game,PurposeGames,Animal anatomy,"<a href=""../resource/Animalbodyparts_PurposeGames.html"">Learn More</a>",,,,,
Animal Body Parts ,Game,Baamboozle,Animal anatomy,"<a href=""../resource/Animalbodyparts_Baamboozle.html"">Learn More</a>",,,,,
Animal Anatomy,Worksheet,Zoological Society of Milwaukee,Animal anatomy,"<a href=""../resource/Animalanatomy_ZoologicalSocietyofMilwaukee.html"">Learn More</a>",,,,,
,,,,,,,,,
,,,,,,,,,
,,,,,,,,,
,,,,,,,,,